{
  "project_info": {
    "project_number": "578197835313",
    "project_id": "translator-app-c16ed",
    "storage_bucket": "translator-app-c16ed.appspot.com"
  },
  "client": [
    {
      "client_info": {
        "mobilesdk_app_id": "1:578197835313:android:aa1afee78cd067ce390f10",
        "android_client_info": {
          "package_name": "com.example.languagetranslatorapp"
        }
      },
      "oauth_client": [
        {
          "client_id": "578197835313-2bpqo5849dgnodi03dr499llcd7pobs0.apps.googleusercontent.com",
          "client_type": 3
        }
      ],
      "api_key": [
        {
          "current_key": "AIzaSyDMiQLEL4DYimbKtz0jIisM2m9siZe-LvE"
        }
      ],
      "services": {
        "appinvite_service": {
          "other_platform_oauth_client": [
            {
              "client_id": "578197835313-2bpqo5849dgnodi03dr499llcd7pobs0.apps.googleusercontent.com",
              "client_type": 3
            }
          ]
        }
      }
    }
  ],
  "configuration_version": "1"
}